date,WCE,world
1850-01,-5.083,2.869
1850-02,-1.111,2.576
1850-03,1.954,5.318
1850-04,5.729,8.002
1850-05,10.013,10.436
1850-06,17.002,12.811
1850-07,19.609,13.806
1850-08,16.596,13.367
1850-09,8.498,11.2
1850-10,7.196,9.285
1850-11,-0.361,6.224
1850-12,-8.659,3.399
1851-01,-5.287,1.898
1851-02,-9.774,2.423
1851-03,-2.397,4.697
1851-04,5.399,8.042
1851-05,11.701,10.829
1851-06,17.639,12.765
1851-07,18.538,13.659
1851-08,16.726,13.321
1851-09,12.298,11.657
1851-10,7.483,9.32
1851-11,0.941,6.643
1851-12,-2.13,4.002
1852-01,-0.709,3.153
1852-02,-1.831,3.831
1852-03,1.79,5.146
1852-04,5.892,7.555
1852-05,9.996,10.42
1852-06,15.661,12.975
1852-07,18.592,13.983
1852-08,16.617,13.179
1852-09,11.125,11.549
1852-10,6.954,9.266
1852-11,0.574,6.385
1852-12,-0.226,3.695
1853-01,-4.508,3.125
1853-02,-4.082,2.864
1853-03,-1.418,5.104
1853-04,6.116,7.783
1853-05,9.459,10.586
1853-06,14.153,12.399
1853-07,17.154,14.225
1853-08,13.612,13.192
1853-09,11.822,11.023
1853-10,6.7,9.228
1853-11,-0.692,5.985
1853-12,-6.088,3.533
1854-01,-4.043,2.418
1854-02,0.04,3.814
1854-03,2.113,5.151
1854-04,7.905,7.928
1854-05,13.123,10.539
1854-06,17.719,12.947
1854-07,20.587,14.161
1854-08,16.103,13.647
1854-09,12.016,11.611
1854-10,7.529,9.399
1854-11,1.62,6.373
1854-12,-6.103,4.227
1855-01,-4.352,2.779
1855-02,-3.362,2.764
1855-03,-1.05,4.568
1855-04,3.817,7.606
1855-05,8.379,10.431
1855-06,16.434,12.297
1855-07,17.16,13.828
1855-08,15.241,13.234
1855-09,13.516,11.314
1855-10,6.945,8.865
1855-11,2.679,6.193
1855-12,-3.6,3.561
1856-01,-8.222,1.919
1856-02,-6.625,2.218
1856-03,0.675,4.893
1856-04,3.105,7.785
1856-05,11.366,10.141
1856-06,15.426,12.476
1856-07,16.322,13.821
1856-08,15.367,13.218
1856-09,12.494,11.531
1856-10,8.343,9.196
1856-11,1.22,6.271
1856-12,-1.488,3.422
1857-01,-7.308,2.54
1857-02,-5.166,2.871
1857-03,0.599,5.085
1857-04,2.292,7.678
1857-05,11.063,10.285
1857-06,17.259,12.861
1857-07,17.614,13.705
1857-08,15.241,13.184
1857-09,12.633,11.452
1857-10,4.315,9.059
1857-11,0.248,5.847
1857-12,-2.501,3.996
1858-01,-0.859,3.291
1858-02,-3.469,3.086
1858-03,-1.152,5.027
1858-04,3.254,7.833
1858-05,10.773,10.089
1858-06,16.496,12.424
1858-07,17.238,13.674
1858-08,16.345,13.109
1858-09,13.489,11.154
1858-10,7.166,8.797
1858-11,0.719,5.392
1858-12,-5.545,3.361
1859-01,-4.196,2.563
1859-02,-1.768,3.045
1859-03,3.202,5.171
1859-04,3.08,7.823
1859-05,9.174,10.17
1859-06,16.199,12.708
1859-07,18.176,13.758
1859-08,15.944,13.088
1859-09,12.703,11.569
1859-10,4.977,9.258
1859-11,1.55,6.219
1859-12,-1.641,3.542
1860-01,-5.046,2.239
1860-02,-0.34,3.422
1860-03,-0.723,5.218
1860-04,5.151,7.894
1860-05,13.396,10.64
1860-06,16.288,12.515
1860-07,19.854,14.005
1860-08,16.771,13.774
1860-09,12.703,11.212
1860-10,8.095,8.972
1860-11,0.759,6.317
1860-12,-3.538,3.99
1861-01,-4.651,2.92
1861-02,-3.31,2.866
1861-03,3.938,4.713
1861-04,3.918,7.539
1861-05,11.136,10.461
1861-06,17.943,12.138
1861-07,17.566,13.31
1861-08,17.936,12.761
1861-09,13.281,11.271
1861-10,8.438,9.067
1861-11,-0.209,6.298
1861-12,-4.458,3.314
1862-01,-5.935,2.534
1862-02,-7.154,2.752
1862-03,-1.126,4.772
1862-04,6.13,7.644
1862-05,9.228,10.487
1862-06,16.198,12.334
1862-07,16.761,13.401
1862-08,16.277,13.16
1862-09,13.333,11.14
1862-10,9.196,9.239
1862-11,1.732,6.018
1862-12,-3.151,3.41
1863-01,-2.22,2.543
1863-02,-0.696,2.821
1863-03,-0.747,4.548
1863-04,3.682,7.563
1863-05,11.179,9.901
1863-06,14.025,12.193
1863-07,18.537,13.347
1863-08,17.802,13.276
1863-09,11.99,11.336
1863-10,5.544,8.756
1863-11,-0.972,5.346
1863-12,-5.976,3.709
1864-01,-7.195,2.333
1864-02,-4.169,3.181
1864-03,1.239,5.364
1864-04,5.88,7.78
1864-05,10.867,10.517
1864-06,15.434,12.583
1864-07,16.689,13.772
1864-08,15.539,13.081
1864-09,11.148,11.582
1864-10,6.102,8.769
1864-11,1.403,6.079
1864-12,-2.875,3.5
1865-01,-5.514,2.196
1865-02,-5.066,3.19
1865-03,0.886,5.081
1865-04,6.402,7.411
1865-05,8.935,10.115
1865-06,15.96,12.439
1865-07,17.405,13.893
1865-08,16.892,13.534
1865-09,15.014,11.484
1865-10,8.518,8.905
1865-11,-0.697,5.576
1865-12,-2.674,3.462
1866-01,-4.74,1.816
1866-02,-3.671,2.415
1866-03,1.588,4.807
1866-04,5.212,7.324
1866-05,9.953,10.09
1866-06,15.803,12.437
1866-07,17.462,13.568
1866-08,16.515,13.137
1866-09,12.367,11.56
1866-10,4.834,8.884
1866-11,-0.602,5.996
1866-12,-3.841,4.044
1867-01,-7.859,2.39
1867-02,-3.301,3.242
1867-03,0.729,5.388
1867-04,6.46,7.77
1867-05,13.1,10.087
1867-06,15.79,12.731
1867-07,18.425,13.998
1867-08,14.44,13.28
1867-09,11.04,11.394
1867-10,7.399,9.023
1867-11,3.599,6.26
1867-12,-3.26,3.785
1868-01,-2.118,2.932
1868-02,-1.333,3.017
1868-03,-0.896,4.933
1868-04,4.793,7.613
1868-05,12.129,10.073
1868-06,18.388,12.46
1868-07,16.756,13.235
1868-08,16.377,12.756
1868-09,10.241,11.013
1868-10,7.42,8.95
1868-11,3.376,6.041
1868-12,-2.743,3.201
1869-01,-6.334,2.636
1869-02,-8.171,2.268
1869-03,1.182,5.118
1869-04,6.528,7.581
1869-05,12.481,10.126
1869-06,17.054,12.538
1869-07,17.374,14.051
1869-08,17.633,13.105
1869-09,13.236,11.218
1869-10,6.871,9.27
1869-11,-0.579,5.994
1869-12,-2.188,3.334
1870-01,-8.378,2.353
1870-02,-5.397,3.179
1870-03,0.154,4.784
1870-04,5.032,7.562
1870-05,11.153,10.189
1870-06,16.214,12.64
1870-07,16.269,13.466
1870-08,16.193,12.753
1870-09,12.59,11.292
1870-10,7.011,8.838
1870-11,0.674,5.927
1870-12,-0.354,3.816
1871-01,-4.124,2.052
1871-02,-4.322,2.216
1871-03,1.931,4.582
1871-04,7.25,8.282
1871-05,11.113,10.102
1871-06,16.716,12.665
1871-07,18.672,14.056
1871-08,16.667,13.309
1871-09,11.833,11.061
1871-10,5.352,8.88
1871-11,-2.972,5.949
1871-12,-4.28,3.654
1872-01,-6.187,3.013
1872-02,-4.546,3.878
1872-03,-0.517,5.032
1872-04,4.67,8.416
1872-05,11.797,10.533
1872-06,16.408,12.826
1872-07,19.517,13.81
1872-08,14.075,13.28
1872-09,10.33,10.684
1872-10,7.01,9.481
1872-11,1.894,6.502
1872-12,-4.096,3.464
1873-01,-6.984,2.357
1873-02,-6.74,2.745
1873-03,-0.268,4.921
1873-04,4.482,7.324
1873-05,11.643,10.278
1873-06,16.277,12.339
1873-07,16.01,13.618
1873-08,16.506,12.851
1873-09,11.472,10.94
1873-10,8.176,8.801
1873-11,1.661,5.666
1873-12,-2.614,3.38
1874-01,-2.536,2.335
1874-02,-2.749,3.046
1874-03,2.302,5.393
1874-04,4.539,8.057
1874-05,9.452,10.596
1874-06,14.594,12.595
1874-07,17.29,13.816
1874-08,16.3,13.327
1874-09,11.074,11.291
1874-10,7.192,9.179
1874-11,1.212,6.579
1874-12,-5.548,3.646
1875-01,-5.22,2.226
1875-02,-4.406,2.735
1875-03,0.336,4.598
1875-04,5.071,7.558
1875-05,11.079,10.306
1875-06,15.812,12.397
1875-07,18.177,13.672
1875-08,16.708,13.367
1875-09,12.406,11.9
1875-10,5.06,9.111
1875-11,-2.283,6.402
1875-12,-4.003,3.597
1876-01,-8.065,2.108
1876-02,-4.143,2.285
1876-03,0.575,5.121
1876-04,5.023,7.658
1876-05,11.485,10.508
1876-06,16.223,12.803
1876-07,18.368,13.54
1876-08,15.663,13.124
1876-09,12.047,11.084
1876-10,6.77,8.746
1876-11,2.249,6.552
1876-12,-4.413,3.449
1877-01,-8.484,2.763
1877-02,-6.438,3.004
1877-03,-1.452,5.121
1877-04,4.41,7.74
1877-05,11.128,10.329
1877-06,16.701,12.588
1877-07,19.197,13.592
1877-08,17.742,13.068
1877-09,13.132,11.309
1877-10,8.709,9.286
1877-11,-1.96,6.63
1877-12,-5.657,3.465
1878-01,-3.058,2.354
1878-02,-2.162,2.497
1878-03,-0.553,4.906
1878-04,6.159,7.516
1878-05,12.48,10.42
1878-06,17.61,12.72
1878-07,19.852,13.512
1878-08,15.652,13.251
1878-09,10.968,11.082
1878-10,8.479,9.257
1878-11,-1.193,6.166
1878-12,-0.883,3.63
1879-01,-4.842,2.32
1879-02,-7.374,2.822
1879-03,-0.81,4.608
1879-04,3.485,7.486
1879-05,10.669,10.263
1879-06,16.215,12.484
1879-07,17.119,13.598
1879-08,14.74,13.537
1879-09,11.162,11.301
1879-10,5.046,8.925
1879-11,-1.834,5.807
1879-12,-2.472,3.34
1880-01,-3.794,2.121
1880-02,-2.722,2.372
1880-03,-0.942,4.378
1880-04,5.303,7.503
1880-05,10.86,10.376
1880-06,17.81,12.769
1880-07,17.372,14.105
1880-08,17.932,13.032
1880-09,12.057,11.554
1880-10,6.778,9.293
1880-11,-1.337,6.173
1880-12,-3.782,3.851
1881-01,-3.44,2.571
1881-02,-2.347,2.899
1881-03,2.033,4.916
1881-04,4.798,7.595
1881-05,11.252,10.001
1881-06,16.043,12.663
1881-07,17.336,13.16
1881-08,14.026,12.879
1881-09,11.122,11.36
1881-10,3.765,8.743
1881-11,1.827,5.847
1881-12,-5.157,3.341
1882-01,-8.687,2.004
1882-02,-7.21,2.406
1882-03,1.484,4.677
1882-04,5.438,7.964
1882-05,12.144,10.142
1882-06,16.132,12.604
1882-07,16.952,13.553
1882-08,15.024,13.406
1882-09,10.462,11.487
1882-10,3.738,8.764
1882-11,0.77,6.134
1882-12,-3.768,3.84
1883-01,-3.997,2.862
1883-02,-4.996,3.035
1883-03,0.215,5.289
1883-04,5.089,7.726
1883-05,10.232,10.012
1883-06,16.505,12.468
1883-07,15.197,13.574
1883-08,14.1,12.767
1883-09,12.168,11.367
1883-10,5.73,8.773
1883-11,-3.098,4.908
1883-12,-4.672,3.081
1884-01,-7.26,1.766
1884-02,-6.299,2.056
1884-03,-1.648,4.238
1884-04,4.329,7.235
1884-05,12.065,9.531
1884-06,15.793,11.978
1884-07,17.529,13.103
1884-08,14.182,12.896
1884-09,12.105,10.395
1884-10,5.588,8.337
1884-11,0.843,5.251
1884-12,-6.017,3.026
1885-01,-7.1,2.104
1885-02,-6.582,2.428
1885-03,-1.457,4.385
1885-04,3.722,7.107
1885-05,8.939,9.986
1885-06,16.649,12.078
1885-07,15.944,13.075
1885-08,15.886,13.213
1885-09,10.79,10.615
1885-10,5.708,8.371
1885-11,0.253,5.447
1885-12,-4.144,3.011
1886-01,-6.042,1.874
1886-02,-2.981,2.749
1886-03,1.902,4.433
1886-04,5.627,7.167
1886-05,10.57,9.652
1886-06,13.705,11.72
1886-07,17.067,13.014
1886-08,14.744,12.742
1886-09,12.105,10.635
1886-10,5.088,8.793
1886-11,-0.412,5.441
1886-12,-3.288,3.572
1887-01,-7.217,1.905
1887-02,-8.316,2.654
1887-03,-1.319,4.866
1887-04,6.326,7.447
1887-05,10.558,9.841
1887-06,14.137,12.057
1887-07,17.265,13.486
1887-08,17.494,13.058
1887-09,11.061,11.004
1887-10,6.836,9.009
1887-11,2.191,5.834
1887-12,-3.132,3.242
1888-01,-1.24,2.11
1888-02,-2.252,2.408
1888-03,0.648,4.836
1888-04,5.746,7.502
1888-05,12.452,10.377
1888-06,14.794,12.414
1888-07,18.197,13.608
1888-08,14.878,13.134
1888-09,12.076,11.034
1888-10,4.518,8.706
1888-11,0.56,5.2
1888-12,-4.466,2.929
1889-01,-5.531,1.828
1889-02,-4.879,2.055
1889-03,-1.169,4.78
1889-04,5.494,7.72
1889-05,11.144,10.349
1889-06,16.583,12.584
1889-07,17.605,13.401
1889-08,16.131,12.712
1889-09,12.12,11.224
1889-10,6.859,8.944
1889-11,-2.325,5.601
1889-12,-4.219,3.479
1890-01,-4.895,1.921
1890-02,-5.383,2.059
1890-03,0.976,4.835
1890-04,4.461,7.703
1890-05,11.776,9.74
1890-06,15.516,12.378
1890-07,18.579,13.428
1890-08,17.96,13.061
1890-09,11.227,11.088
1890-10,5.865,8.939
1890-11,1.074,5.934
1890-12,-6.053,3.011
1891-01,-8.607,2.076
1891-02,-4.37,2.578
1891-03,-0.189,4.45
1891-04,4.218,7.378
1891-05,8.81,10.35
1891-06,13.802,12.784
1891-07,16.586,13.529
1891-08,15.057,13.129
1891-09,9.463,10.656
1891-10,4.41,8.51
1891-11,1.064,5.511
1891-12,-0.391,3.555
1892-01,-5.922,1.645
1892-02,-4.268,2.395
1892-03,1.964,4.75
1892-04,5.328,7.555
1892-05,13.522,10.271
1892-06,17.575,12.326
1892-07,19.174,13.11
1892-08,14.835,12.611
1892-09,13.601,11.2
1892-10,7.712,8.6
1892-11,3.035,6.273
1892-12,-5.793,2.702
1893-01,-1.384,1.969
1893-02,-3.765,2.526
1893-03,2.976,4.745
1893-04,7.124,7.709
1893-05,11.158,9.98
1893-06,17.059,12.372
1893-07,17.865,13.413
1893-08,15.561,13.185
1893-09,11.416,11.402
1893-10,7.382,9.091
1893-11,-0.293,5.597
1893-12,-5.441,3.837
1894-01,-11.323,2.425
1894-02,-5.343,3.01
1894-03,0.582,4.907
1894-04,3.9,7.3
1894-05,10.342,10.271
1894-06,15.854,12.415
1894-07,18.74,13.764
1894-08,15.618,12.802
1894-09,13.182,11.588
1894-10,5.556,8.867
1894-11,-0.328,6.141
1894-12,-5.007,4.032
1895-01,-4.313,2.603
1895-02,-6.003,2.355
1895-03,-1.843,4.362
1895-04,6.182,7.878
1895-05,10.954,10.16
1895-06,17.079,12.225
1895-07,17.663,13.8
1895-08,18.592,13.439
1895-09,13.627,11.345
1895-10,10.105,9.323
1895-11,2.13,6.538
1895-12,-3.952,3.294
1896-01,-3.969,2.218
1896-02,-1.251,2.553
1896-03,-0.071,5.452
1896-04,7.947,7.759
1896-05,12.375,10.323
1896-06,14.73,12.452
1896-07,18.364,13.473
1896-08,15.179,13.497
1896-09,9.122,11.122
1896-10,6.654,8.862
1896-11,0.212,6.1
1896-12,-3.922,3.049
1897-01,-5.792,2.259
1897-02,-5.035,2.814
1897-03,0.812,4.834
1897-04,6.739,7.787
1897-05,9.881,10.293
1897-06,17.591,12.675
1897-07,18.528,13.744
1897-08,15.971,13.146
1897-09,14.635,11.363
1897-10,7.802,9.307
1897-11,2.987,6.439
1897-12,-0.073,3.511
1898-01,-3.816,2.492
1898-02,-1.269,3.685
1898-03,1.502,5.265
1898-04,5.666,7.52
1898-05,10.808,10.326
1898-06,14.186,12.736
1898-07,18.158,14.055
1898-08,15.067,13.439
1898-09,11.017,11.653
1898-10,6.87,9.279
1898-11,-0.139,6.444
1898-12,-1.066,3.728
1899-01,-5.479,2.691
1899-02,-4.229,2.872
1899-03,-1.857,5.157
1899-04,3.174,7.824
1899-05,9.626,10.183
1899-06,13.897,12.497
1899-07,18.07,13.774
1899-08,16.397,13.321
1899-09,12.547,11.648
1899-10,4.152,9.175
1899-11,-0.446,6.098
1899-12,-2.935,3.788
1900-01,-9.524,2.277
1900-02,-5.962,2.81
1900-03,-1.722,4.76
1900-04,5.163,8.124
1900-05,10.394,10.7
1900-06,17.301,12.728
1900-07,16.855,13.562
1900-08,16.874,13.1
1900-09,12.231,11.525
1900-10,5.402,9.33
1900-11,1.069,6.072
1900-12,-1.191,3.42
1901-01,-2.696,2.022
1901-02,-3.269,2.474
1901-03,-0.889,4.666
1901-04,5.541,7.734
1901-05,12.287,10.459
1901-06,16.527,12.723
1901-07,20.32,13.82
1901-08,16.703,13.095
1901-09,12.63,11.071
1901-10,7.37,9.152
1901-11,1.583,6.185
1901-12,-2.337,4.137
1902-01,-4.135,2.321
1902-02,-2.399,3.147
1902-03,2.922,5.498
1902-04,7.014,7.718
1902-05,9.633,10.322
1902-06,17.896,12.793
1902-07,19.405,13.831
1902-08,15.142,13.237
1902-09,11.927,11.002
1902-10,6.072,8.89
1902-11,-0.055,5.746
1902-12,-3.676,3.076
1903-01,-4.185,2.611
1903-02,-0.931,2.533
1903-03,1.497,5.004
1903-04,5.11,7.355
1903-05,12.514,9.748
1903-06,16.101,12.1
1903-07,20.562,13.163
1903-08,15.872,12.603
1903-09,10.943,11.044
1903-10,7.223,8.794
1903-11,-1.285,5.737
1903-12,-10.877,3.25
1904-01,-6.72,1.764
1904-02,-2.771,2.669
1904-03,-0.438,4.442
1904-04,6.398,7.685
1904-05,10.452,9.972
1904-06,18.087,12.389
1904-07,18.694,13.709
1904-08,15.222,13.005
1904-09,9.735,10.997
1904-10,6.428,8.763
1904-11,-0.47,5.638
1904-12,-5.632,3.388
1905-01,-8.216,2.895
1905-02,-4.177,2.842
1905-03,-3.275,4.329
1905-04,1.66,7.369
1905-05,8.571,9.814
1905-06,14.808,12.261
1905-07,19.366,13.368
1905-08,14.462,12.489
1905-09,13.221,10.961
1905-10,6.132,8.439
1905-11,-0.871,6.053
1905-12,-7.525,3.517
1906-01,-7.53,2.712
1906-02,-5.357,2.872
1906-03,1.943,4.949
1906-04,4.043,7.879
1906-05,9.795,10.131
1906-06,18.282,12.472
1906-07,18.868,13.82
1906-08,15.642,13.14
1906-09,11.108,11.081
1906-10,2.936,8.771
1906-11,0.49,5.586
1906-12,-5.112,3.356
1907-01,-4.199,1.79
1907-02,-6.224,2.394
1907-03,2.314,5.319
1907-04,5.918,7.673
1907-05,9.655,9.819
1907-06,14.472,11.913
1907-07,14.733,12.913
1907-08,16.476,12.685
1907-09,11.939,10.947
1907-10,7.665,8.873
1907-11,1.245,5.649
1907-12,-6.763,3.203
1908-01,-5.843,2.45
1908-02,-4.283,3.202
1908-03,-0.038,4.993
1908-04,5.06,7.657
1908-05,10.717,10.593
1908-06,17.423,12.969
1908-07,17.981,13.513
1908-08,16.561,12.859
1908-09,11.319,11.297
1908-10,7.988,8.305
1908-11,0.189,5.439
1908-12,-5.878,2.487
1909-01,-7.65,1.913
1909-02,-11.112,1.822
1909-03,-2.421,4.604
1909-04,5.321,7.119
1909-05,10.66,9.946
1909-06,14.681,12.07
1909-07,19.256,13.294
1909-08,16.496,12.823
1909-09,11.569,10.771
1909-10,2.556,8.424
1909-11,-1.004,5.651
1909-12,-2.64,3.947
1910-01,-5.911,2.022
1910-02,-8.439,2.913
1910-03,-0.65,4.991
1910-04,2.81,7.612
1910-05,9.468,10.114
1910-06,16.095,12.471
1910-07,19.669,13.977
1910-08,15.463,13.202
1910-09,10.276,11.479
1910-10,4.385,9.043
1910-11,0.813,5.885
1910-12,-2.714,3.343
1911-01,-6.916,2.04
1911-02,-1.682,2.768
1911-03,0.348,4.715
1911-04,6.224,7.427
1911-05,10.755,10.271
1911-06,17.041,12.324
1911-07,18.693,13.618
1911-08,18.273,13.092
1911-09,11.213,11.725
1911-10,5.096,8.839
1911-11,-0.28,6.33
1911-12,-3.485,3.912
1912-01,-5.783,2.653
1912-02,-4.641,2.972
1912-03,0.416,4.84
1912-04,4.905,7.41
1912-05,9.52,10.019
1912-06,15.462,12.514
1912-07,17.024,13.142
1912-08,14.373,12.628
1912-09,8.476,10.299
1912-10,3.657,8.166
1912-11,-2.955,5.263
1912-12,-7.051,2.69
1913-01,-6.668,1.602
1913-02,-2.06,2.697
1913-03,2.98,4.409
1913-04,5.079,7.328
1913-05,9.756,10.174
1913-06,15.73,11.996
1913-07,17.617,13.011
1913-08,13.685,12.563
1913-09,11.657,10.826
1913-10,3.456,8.477
1913-11,-4.681,5.203
1913-12,-9.856,3.186
1914-01,-11.799,1.404
1914-02,-4.575,2.063
1914-03,-2.003,4.576
1914-04,3.851,7.733
1914-05,9.593,9.727
1914-06,13.264,12.267
1914-07,17.243,12.768
1914-08,15.939,12.715
1914-09,13.049,10.52
1914-10,5.056,8.148
1914-11,-4.516,4.728
1914-12,-3.212,2.405
1915-01,-7.086,1.421
1915-02,-3.327,2.396
1915-03,-0.991,4.279
1915-04,3.138,7.7
1915-05,8.569,9.998
1915-06,13.984,12.146
1915-07,17.808,13.165
1915-08,15.317,13.089
1915-09,11.199,11.346
1915-10,5.943,8.874
1915-11,-3.063,5.445
1915-12,-3.57,3.24
1916-01,-6.077,1.959
1916-02,-3.757,2.324
1916-03,0.023,5.128
1916-04,4.549,7.808
1916-05,9.608,10.442
1916-06,15.832,12.623
1916-07,15.901,13.7
1916-08,15.241,13.266
1916-09,12.678,11.3
1916-10,5.689,8.732
1916-11,-2.798,6.123
1916-12,-8.481,3.275
1917-01,-12.703,1.336
1917-02,-6.798,2.047
1917-03,0.045,4.081
1917-04,4.952,6.919
1917-05,8.293,9.796
1917-06,13.384,12.463
1917-07,18.492,13.232
1917-08,15.558,12.89
1917-09,12.107,10.824
1917-10,7.484,8.591
1917-11,-3.471,5.363
1917-12,-3.986,3.223
1918-01,-6.321,2.075
1918-02,-6.104,2.519
1918-03,-4.58,5.069
1918-04,2.685,7.48
1918-05,9.115,10.061
1918-06,16.948,12.7
1918-07,15.972,13.779
1918-08,16.237,12.989
1918-09,12.16,11.161
1918-10,6.125,8.571
1918-11,1.007,5.918
1918-12,-4.083,3.465
1919-01,-6.084,2.042
1919-02,-4.654,3.083
1919-03,-0.799,4.443
1919-04,5.783,7.677
1919-05,10.172,10.229
1919-06,15.292,12.394
1919-07,16.743,13.568
1919-08,14.486,12.894
1919-09,13.186,11.395
1919-10,8.72,8.735
1919-11,0.057,5.941
1919-12,-5.184,3.501
1920-01,-6.575,1.943
1920-02,-4.635,2.318
1920-03,0.578,4.726
1920-04,4.237,7.494
1920-05,11.189,10.511
1920-06,14.553,12.106
1920-07,16.544,13.497
1920-08,15.344,12.904
1920-09,11.222,11.04
1920-10,5.735,8.637
1920-11,0.283,5.713
1920-12,-3.98,3.418
1921-01,-3.959,2.142
1921-02,-0.312,2.802
1921-03,-0.104,5.074
1921-04,5.468,7.628
1921-05,10.725,10.032
1921-06,15.821,12.351
1921-07,16.684,13.512
1921-08,16.794,12.852
1921-09,9.306,10.882
1921-10,6.058,8.462
1921-11,-1.051,5.039
1921-12,-4.439,3.221
1922-01,-7.089,1.924
1922-02,-3.245,2.036
1922-03,0.318,4.172
1922-04,4.997,7.244
1922-05,10.92,9.766
1922-06,15.657,12.407
1922-07,16.617,13.499
1922-08,15.011,12.656
1922-09,11.623,10.656
1922-10,6.258,8.619
1922-11,1.392,5.649
1922-12,-2.837,3.114
1923-01,-4.686,2.529
1923-02,-7.992,2.685
1923-03,-0.175,4.328
1923-04,5.844,7.747
1923-05,12.612,9.937
1923-06,18.364,12.586
1923-07,17.419,13.799
1923-08,16.319,13.124
1923-09,12.329,11.098
1923-10,6.901,8.686
1923-11,0.92,5.966
1923-12,-0.779,3.615
1924-01,-5.02,1.941
1924-02,-7.208,2.399
1924-03,1.768,5.274
1924-04,5.946,7.34
1924-05,9.981,10.372
1924-06,14.974,12.398
1924-07,18.522,13.795
1924-08,17.311,13.11
1924-09,11.618,11.23
1924-10,5.807,8.955
1924-11,2.144,5.434
1924-12,-1.833,3.619
1925-01,-11.743,2.295
1925-02,-5.926,2.889
1925-03,0.586,5.281
1925-04,3.443,7.698
1925-05,10.22,10.296
1925-06,16.865,12.757
1925-07,18.581,13.492
1925-08,15.105,13.102
1925-09,12.069,10.926
1925-10,5.514,8.913
1925-11,3.352,5.723
1925-12,-3.855,3.582
1926-01,-9.654,1.853
1926-02,-5.052,2.244
1926-03,0.9,4.575
1926-04,4.593,7.472
1926-05,10.829,9.93
1926-06,14.326,12.361
1926-07,19.578,13.21
1926-08,15.963,13.314
1926-09,11.055,11.391
1926-10,7.056,8.867
1926-11,2.581,6.532
1926-12,-3.255,3.457
1927-01,-2.292,2.953
1927-02,-3.546,3.079
1927-03,0.955,4.873
1927-04,5.902,8.258
1927-05,10.175,10.25
1927-06,16.581,12.561
1927-07,16.385,13.647
1927-08,16.237,13.145
1927-09,11.631,11.154
1927-10,6.832,8.742
1927-11,2.203,6.13
1927-12,0.589,3.783
1928-01,-1.546,2.378
1928-02,0.716,3.152
1928-03,3.983,5.122
1928-04,5.289,8.033
1928-05,10.585,10.27
1928-06,16.133,12.631
1928-07,19.587,13.686
1928-08,15.137,12.575
1928-09,11.832,10.96
1928-10,6.076,8.587
1928-11,0.321,5.958
1928-12,-6.223,2.827
1929-01,-3.274,2.281
1929-02,-0.675,3.181
1929-03,1.516,4.812
1929-04,4.659,7.489
1929-05,12.217,10.111
1929-06,17.56,12.168
1929-07,18.384,13.354
1929-08,15.063,13.277
1929-09,15.304,11.826
1929-10,5.28,9.143
1929-11,0.774,5.773
1929-12,-1.563,3.784
1930-01,-4.897,2.805
1930-02,-4.172,2.927
1930-03,0.812,4.762
1930-04,5.036,7.648
1930-05,11.906,10.422
1930-06,16.565,12.306
1930-07,18.379,13.452
1930-08,17.534,13.053
1930-09,12.49,10.903
1930-10,7.94,8.97
1930-11,0.383,6.102
1930-12,-3.27,3.354
1931-01,-1.828,2.531
1931-02,-0.648,2.429
1931-03,3.059,4.133
1931-04,5.791,7.424
1931-05,11.378,9.779
1931-06,15.511,12.175
1931-07,17.137,13.36
1931-08,16.401,13.086
1931-09,13.088,11.218
1931-10,6.928,8.452
1931-11,2.706,6.072
1931-12,0.041,3.857
1932-01,-6.585,2.703
1932-02,-0.564,3.108
1932-03,2.473,4.996
1932-04,6.658,7.468
1932-05,11.255,10.583
1932-06,16.319,12.813
1932-07,17.776,14.039
1932-08,16.037,13.02
1932-09,11.988,11.353
1932-10,7.911,9.187
1932-11,0.423,5.735
1932-12,-3.049,3.502
1933-01,-7.025,2.402
1933-02,-4.91,2.674
1933-03,-1.02,4.629
1933-04,4.862,7.683
1933-05,12.688,10.672
1933-06,15.778,12.706
1933-07,19.091,13.651
1933-08,16.251,13.358
1933-09,11.794,11.19
1933-10,4.564,8.871
1933-11,1.917,6.466
1933-12,-3.342,4.138
1934-01,-3.419,3.497
1934-02,-6.431,3.367
1934-03,1.503,5.839
1934-04,6.186,8.153
1934-05,9.011,10.637
1934-06,17.192,12.68
1934-07,18.518,14.044
1934-08,15.664,13.294
1934-09,13.531,11.236
1934-10,6.335,9.679
1934-11,2.576,6.515
1934-12,-2.161,4.241
1935-01,-4.08,2.425
1935-02,-2.357,3.352
1935-03,-0.427,5.213
1935-04,5.597,7.847
1935-05,10.482,10.393
1935-06,14.863,12.806
1935-07,16.652,13.836
1935-08,17.505,13.078
1935-09,12.916,11.452
1935-10,8.08,9.515
1935-11,0.489,6.422
1935-12,-10.292,3.744
1936-01,-11.47,2.457
1936-02,-3.759,3.319
1936-03,0.396,5.471
1936-04,4.955,8.149
1936-05,11.961,10.72
1936-06,17.372,12.985
1936-07,17.113,13.716
1936-08,17.009,13.159
1936-09,12.409,11.461
1936-10,7.318,9.18
1936-11,0.997,6.014
1936-12,-3.772,3.73
1937-01,-4.795,2.128
1937-02,-2.965,2.814
1937-03,-4.115,4.768
1937-04,3.538,7.624
1937-05,10.868,10.097
1937-06,16.16,12.769
1937-07,18.117,13.684
1937-08,16.447,13.181
1937-09,12.061,11.241
1937-10,6.178,9.035
1937-11,-1.478,6.254
1937-12,-8.292,3.499
1938-01,-7.446,2.626
1938-02,-6.074,2.433
1938-03,-0.729,5.031
1938-04,4.675,7.533
1938-05,10.303,10.486
1938-06,16.369,12.623
1938-07,18.072,13.543
1938-08,15.134,13.006
1938-09,10.259,11.109
1938-10,5.328,9.273
1938-11,-0.582,6.012
1938-12,-2.988,3.779
1939-01,-3.95,2.485
1939-02,-1.984,2.987
1939-03,0.633,5.59
1939-04,5.45,7.514
1939-05,11.954,10.605
1939-06,16.426,12.426
1939-07,19.176,13.475
1939-08,15.039,13.364
1939-09,9.892,11.308
1939-10,6.591,8.97
1939-11,1.411,6.452
1939-12,-2.635,3.996
1940-01,-2.233,2.661
1940-02,-2.412,3.369
1940-03,1.928,5.115
1940-04,6.186,7.864
1940-05,12.193,10.262
1940-06,16.812,12.414
1940-07,17.664,13.783
1940-08,17.362,13.269
1940-09,13.85,11.4
1940-10,9.623,9.101
1940-11,1.568,6.066
1940-12,-0.684,4.005
1941-01,-4.106,2.749
1941-02,-5.496,3.307
1941-03,-2.327,4.879
1941-04,5.352,8.101
1941-05,8.321,10.846
1941-06,14.517,12.593
1941-07,18.596,13.807
1941-08,14.308,13.242
1941-09,11.719,11.369
1941-10,4.731,9.329
1941-11,-0.814,6.234
1941-12,-4.946,3.766
1942-01,-6.601,2.59
1942-02,-8.758,2.858
1942-03,-2.948,5.136
1942-04,4.959,7.973
1942-05,11.097,10.532
1942-06,16.086,12.628
1942-07,17.26,13.999
1942-08,14.062,13.512
1942-09,8.305,11.26
1942-10,5.915,9.312
1942-11,3.975,6.432
1942-12,-2.646,4.167
1943-01,-6.886,2.982
1943-02,-2.031,3.31
1943-03,0.617,4.861
1943-04,5.613,7.934
1943-05,9.613,10.255
1943-06,17.35,12.574
1943-07,17.231,13.847
1943-08,15.206,13.315
1943-09,14.33,11.188
1943-10,6.728,9.423
1943-11,1.761,6.18
1943-12,-3.708,3.718
1944-01,-2.636,2.748
1944-02,-3.605,3.246
1944-03,1.4,5.664
1944-04,4.878,7.6
1944-05,13.983,10.928
1944-06,17.458,13.233
1944-07,17.196,13.762
1944-08,16.466,13.197
1944-09,11.987,11.333
1944-10,6.455,9.292
1944-11,-0.559,5.92
1944-12,0.304,4.142
1945-01,-1.734,3.267
1945-02,-2.433,2.879
1945-03,-0.203,4.912
1945-04,7.038,8.12
1945-05,9.56,10.573
1945-06,16.375,12.898
1945-07,21.085,14.327
1945-08,15.113,13.469
1945-09,13.149,11.942
1945-10,7.011,9.525
1945-11,-1.44,6.492
1945-12,-2.749,4.068
1946-01,-8.984,2.928
1946-02,-3.675,2.879
1946-03,1.96,5.233
1946-04,4.556,7.606
1946-05,11.407,10.296
1946-06,15.547,12.557
1946-07,18.387,13.833
1946-08,14.204,13.253
1946-09,11.893,11.22
1946-10,7.064,9.4
1946-11,1.02,6.814
1946-12,-5.564,4.01
1947-01,-5.32,3.094
1947-02,-5.49,3.384
1947-03,0.323,4.74
1947-04,5.442,7.982
1947-05,10.418,10.279
1947-06,16.188,12.627
1947-07,17.253,13.549
1947-08,16.725,13.098
1947-09,10.997,11.102
1947-10,7.115,9.183
1947-11,-1.371,6.054
1947-12,-1.531,3.983
1948-01,-4.008,2.333
1948-02,-4.166,2.751
1948-03,-0.387,4.748
1948-04,6.659,7.796
1948-05,11.44,10.48
1948-06,15.34,12.467
1948-07,18.891,13.781
1948-08,15.594,13.476
1948-09,11.728,11.349
1948-10,5.262,8.995
1948-11,2.096,6.183
1948-12,-1.282,3.932
1949-01,-4,2.624
1949-02,-4.165,3.039
1949-03,1.045,5.505
1949-04,3.446,8.031
1949-05,11.258,10.557
1949-06,14.783,12.736
1949-07,18.802,14.117
1949-08,15.691,13.546
1949-09,11.409,11.456
1949-10,8.404,9.02
1949-11,1.036,6.633
1949-12,-2.148,3.713
1950-01,-3.908,2.812
1950-02,-11.499,2.272
1950-03,-4.605,4.566
1950-04,5.026,7.62
1950-05,10.619,9.979
1950-06,15.075,12.414
1950-07,17.31,13.512
1950-08,15.692,13.019
1950-09,9.897,11.002
1950-10,2.399,8.805
1950-11,-1.507,6.185
1950-12,-4.895,3.382
1951-01,-7.243,2.18
1951-02,-5.233,3.111
1951-03,0.316,5.113
1951-04,3.691,7.564
1951-05,9.96,10.181
1951-06,15.035,12.575
1951-07,16.289,13.612
1951-08,16.053,13.235
1951-09,14.33,11.52
1951-10,7.024,8.851
1951-11,-1.37,5.859
1951-12,-3.245,3.315
1952-01,-6.325,2.785
1952-02,-10.232,2.849
1952-03,0.301,4.78
1952-04,8.772,8.097
1952-05,12.041,10.602
1952-06,17.934,13.101
1952-07,19.591,13.988
1952-08,15.611,13.313
1952-09,13.055,11.437
1952-10,6.274,8.742
1952-11,0.495,6.151
1952-12,-3.417,3.315
1953-01,-6.244,2.035
1953-02,-4.891,2.932
1953-03,-0.546,4.714
1953-04,7.329,7.949
1953-05,12.338,10.336
1953-06,17.906,12.929
1953-07,19.08,13.65
1953-08,15.403,13.237
1953-09,11.295,11.397
1953-10,6.72,8.851
1953-11,-3.382,6.269
1953-12,-6.174,3.514
1954-01,-9.12,2.142
1954-02,-3.549,2.705
1954-03,-0.379,5.223
1954-04,2.399,7.555
1954-05,10.192,10.043
1954-06,14.991,12.609
1954-07,18.392,13.904
1954-08,15.107,13.312
1954-09,8.789,11.549
1954-10,4.904,8.995
1954-11,-1.618,6.13
1954-12,-2.709,3.847
1955-01,-4.575,2.273
1955-02,-4.469,3.604
1955-03,-4.151,5.315
1955-04,5.03,7.924
1955-05,10.834,10.553
1955-06,16.93,12.722
1955-07,18.831,13.967
1955-08,16.496,13.059
1955-09,11.591,11.111
1955-10,7.316,9.3
1955-11,0.819,6.561
1955-12,-7.831,3.375
1956-01,-6.638,2.201
1956-02,-2.524,2.689
1956-03,2.479,5.137
1956-04,5.368,8.16
1956-05,10.966,10.469
1956-06,16.751,12.426
1956-07,16.379,13.853
1956-08,15.027,13.044
1956-09,9.593,10.939
1956-10,4.754,8.494
1956-11,0.12,5.941
1956-12,-1.954,3.906
1957-01,-5.939,2.735
1957-02,-4.497,3.111
1957-03,-0.055,5.107
1957-04,2.397,7.889
1957-05,9.518,10.043
1957-06,16.849,12.574
1957-07,18.27,13.495
1957-08,15.608,13.317
1957-09,12.258,10.978
1957-10,7.09,9.216
1957-11,0.008,5.932
1957-12,-4.324,3.452
1958-01,-6.557,2.857
1958-02,-5.724,2.163
1958-03,1.039,4.348
1958-04,7.617,7.846
1958-05,9.873,10.055
1958-06,15.56,12.554
1958-07,15.325,13.74
1958-08,15.85,12.923
1958-09,13.164,11.274
1958-10,5.156,9.129
1958-11,-0.717,6.297
1958-12,-6.876,3.233
1959-01,-2.151,2.907
1959-02,-3.423,3.107
1959-03,1.671,4.655
1959-04,6.434,8.057
1959-05,13.177,10.536
1959-06,18.493,12.891
1959-07,17.925,13.786
1959-08,15.003,13.282
1959-09,12.05,11.544
1959-10,6.617,9.763
1959-11,-0.289,6.436
1959-12,-3.717,4.194
1960-01,-5.924,2.298
1960-02,-2.572,3.189
1960-03,1.509,5.07
1960-04,6.954,8.241
1960-05,14.336,10.755
1960-06,16.552,12.623
1960-07,17.669,14.17
1960-08,17.675,13.221
1960-09,12.536,11.539
1960-10,6.474,9.019
1960-11,-1.007,6.257
1960-12,-2.474,3.688
1961-01,-3.268,3.268
1961-02,-6.215,3.139
1961-03,-1.164,5.478
1961-04,4.598,7.777
1961-05,8.795,10.532
1961-06,14.178,12.867
1961-07,17.81,14.178
1961-08,13.911,12.95
1961-09,11.083,10.681
1961-10,7.012,9.308
1961-11,-0.541,5.83
1961-12,-1.838,3.554
1962-01,-5.153,2.881
1962-02,-0.143,3.133
1962-03,0.28,5.198
1962-04,4.592,7.994
1962-05,10.307,10.323
1962-06,15.408,12.653
1962-07,16.091,13.772
1962-08,15.662,13.279
1962-09,10.815,11.221
1962-10,7.632,8.923
1962-11,-1.428,6.158
1962-12,-5.181,3.656
1963-01,-4.945,1.981
1963-02,-0.844,2.852
1963-03,1.772,4.586
1963-04,3.671,7.494
1963-05,9.815,9.92
1963-06,14.459,12.262
1963-07,15.647,13.315
1963-08,14.469,12.525
1963-09,11.63,11.378
1963-10,5.965,9.064
1963-11,2.551,5.735
1963-12,-3.536,3.449
1964-01,-3.9,2.27
1964-02,-7.004,2.176
1964-03,0.072,4.439
1964-04,5.441,7.198
1964-05,11.779,9.977
1964-06,17.024,12.591
1964-07,16.297,13.555
1964-08,16.11,13
1964-09,10.947,11.038
1964-10,2.003,8.602
1964-11,-2.089,5.367
1964-12,-3.442,3.053
1965-01,-5.09,1.746
1965-02,-0.148,2.543
1965-03,2.814,4.933
1965-04,4.975,7.669
1965-05,12.185,9.731
1965-06,15.237,11.596
1965-07,15.796,13.088
1965-08,15.676,12.677
1965-09,12.251,11.084
1965-10,7.985,9.032
1965-11,-3.319,5.902
1965-12,-8.087,3.194
1966-01,-9.402,1.286
1966-02,-2.972,2.529
1966-03,-0.258,4.441
1966-04,3.728,7.191
1966-05,12.072,10.12
1966-06,13.045,12.162
1966-07,15.441,13.037
1966-08,15.337,12.578
1966-09,9.461,10.804
1966-10,7.628,8.722
1966-11,-0.359,5.911
1966-12,-4.786,2.848
1967-01,-7.835,2.153
1967-02,0.508,2.884
1967-03,1.255,4.441
1967-04,4.204,7.397
1967-05,9.841,10.288
1967-06,17.683,12.214
1967-07,18.699,13.276
1967-08,16.422,12.579
1967-09,11.038,10.936
1967-10,4.2,8.89
1967-11,0.008,5.825
1967-12,-6.293,3.01
1968-01,-8.879,2.257
1968-02,-1.633,2.686
1968-03,1.209,5.033
1968-04,5.406,7.828
1968-05,10.46,10.436
1968-06,14.844,12.948
1968-07,18.681,13.509
1968-08,16.329,13.192
1968-09,10.052,11.374
1968-10,6.263,8.951
1968-11,-1.188,5.814
1968-12,-5.872,2.945
1969-01,-7.674,2.044
1969-02,-6.505,3.087
1969-03,-1.978,5.213
1969-04,5.479,7.652
1969-05,10.831,10.588
1969-06,16.688,12.696
1969-07,15.631,13.469
1969-08,15.661,12.974
1969-09,9.965,11.279
1969-10,7.573,9.038
1969-11,-0.04,6.09
1969-12,-5.564,3.225
1970-01,-8.964,2.232
1970-02,-4.488,2.888
1970-03,0.149,4.693
1970-04,4.389,7.625
1970-05,9.659,10.42
1970-06,14.322,12.708
1970-07,16.944,13.927
1970-08,14.403,12.779
1970-09,13.066,11.042
1970-10,5.907,8.755
1970-11,-0.681,5.599
1970-12,-7.837,3.62
1971-01,-4.616,2.651
1971-02,0.793,3.337
1971-03,1.627,4.846
1971-04,5.921,7.528
1971-05,11.488,10.031
1971-06,15.541,12.334
1971-07,17.244,13.518
1971-08,15.641,12.592
1971-09,12.876,10.977
1971-10,9.953,9.183
1971-11,1.809,5.939
1971-12,-3.74,4.011
1972-01,-2.05,2.79
1972-02,-1.294,3.052
1972-03,1.373,4.704
1972-04,5.081,7.565
1972-05,11.379,9.91
1972-06,16.545,12.402
1972-07,18.479,13.676
1972-08,15.013,12.972
1972-09,11.14,11
1972-10,5.442,8.836
1972-11,-0.873,6.168
1972-12,0.818,3.916
1973-01,-1.841,2.599
1973-02,-0.726,3.382
1973-03,1,5.368
1973-04,4.725,7.723
1973-05,10.799,10.372
1973-06,15.661,12.576
1973-07,18.513,13.677
1973-08,13.381,13.264
1973-09,13.12,11.201
1973-10,7.461,9.21
1973-11,-1.208,5.646
1973-12,-5.792,3.863
1974-01,-7.077,2.555
1974-02,-5.093,2.519
1974-03,-0.136,4.867
1974-04,5.395,7.522
1974-05,12.194,10.372
1974-06,16.285,12.232
1974-07,18.995,13.604
1974-08,15.348,13.206
1974-09,12.255,11.003
1974-10,7.549,8.664
1974-11,-0.063,5.925
1974-12,-4.605,3.253
1975-01,-5.679,1.683
1975-02,-6.973,2.54
1975-03,-0.061,4.426
1975-04,6.549,7.764
1975-05,12.268,10.264
1975-06,16.691,12.443
1975-07,16.539,13.306
1975-08,15.905,12.661
1975-09,14.759,11.01
1975-10,7.428,8.778
1975-11,1.227,6.032
1975-12,-2.261,3.685
1976-01,-2.043,2.977
1976-02,-6.155,2.883
1976-03,2.233,4.98
1976-04,5.307,8.244
1976-05,11.758,10.156
1976-06,17.99,12.734
1976-07,18.308,13.705
1976-08,16.063,12.88
1976-09,11.991,11.114
1976-10,8.95,8.938
1976-11,1.967,5.834
1976-12,-3.763,3.822
1977-01,-4.613,3.259
1977-02,-3.275,3.709
1977-03,-1.7,5.113
1977-04,3.406,7.538
1977-05,9.495,10.01
1977-06,16.191,12.656
1977-07,19.906,13.606
1977-08,16.047,13.159
1977-09,10.771,11.339
1977-10,4.271,8.801
1977-11,1.529,6.14
1977-12,-6.544,3.929
1978-01,-3.372,2.553
1978-02,-4.052,3.364
1978-03,-1.218,4.559
1978-04,3.565,7.379
1978-05,9.821,10.266
1978-06,15.251,12.572
1978-07,17.607,13.5
1978-08,15.668,13.429
1978-09,10.313,11.121
1978-10,6.155,9.238
1978-11,-0.493,5.911
1978-12,-0.621,4.116
1979-01,-5.066,3.175
1979-02,-2.212,3.193
1979-03,-0.603,5.386
1979-04,6.306,8.031
1979-05,10.729,10.909
1979-06,17.89,13.095
1979-07,16.727,13.827
1979-08,14.143,13.072
1979-09,13.269,11.091
1979-10,7.332,9.008
1979-11,-0.701,6.026
1979-12,-8.269,4.02
1980-01,-12.193,2.332
1980-02,-3.471,2.641
1980-03,-0.15,4.711
1980-04,6.962,7.724
1980-05,12.145,10.658
1980-06,14.349,12.714
1980-07,17.611,13.922
1980-08,17.326,13.263
1980-09,10.873,11.405
1980-10,8.696,9.158
1980-11,-2.153,6.152
1980-12,-7.15,3.675
1981-01,-10.509,2.44
1981-02,-8.111,3.099
1981-03,-0.727,4.771
1981-04,4.221,7.766
1981-05,10.834,10.358
1981-06,15.191,12.637
1981-07,16.207,13.803
1981-08,14.349,12.752
1981-09,12.168,11.017
1981-10,5.569,8.951
1981-11,2.209,6.239
1981-12,-0.884,3.848
1982-01,-3.907,2.305
1982-02,-3.942,3.258
1982-03,-2.001,4.884
1982-04,7.707,8.101
1982-05,9.45,10.323
1982-06,15.286,12.734
1982-07,16.412,13.39
1982-08,13.918,12.671
1982-09,9.91,11.15
1982-10,6.787,8.822
1982-11,-1.24,6.089
1982-12,-9.025,3.478
1983-01,-4.706,2.467
1983-02,-5.241,2.167
1983-03,0.132,4.808
1983-04,3.588,7.788
1983-05,12.864,10.197
1983-06,15.224,12.23
1983-07,16.128,13.264
1983-08,14.736,12.567
1983-09,13.68,11.24
1983-10,5.707,9.042
1983-11,0.885,5.603
1983-12,-3.248,3.572
1984-01,-1.251,3.158
1984-02,-1.541,3.337
1984-03,0.164,5.136
1984-04,4.594,8.404
1984-05,9.587,10.372
1984-06,16.826,12.649
1984-07,17.206,13.729
1984-08,13.772,13.074
1984-09,10.612,11.266
1984-10,5.156,8.906
1984-11,1.723,6.235
1984-12,-0.249,4.027
1985-01,-3.372,2.611
1985-02,-7.025,3.318
1985-03,-1.463,5.001
1985-04,5.273,7.972
1985-05,11.233,10.626
1985-06,17.675,12.943
1985-07,18.743,13.92
1985-08,15.195,12.863
1985-09,11.16,11.137
1985-10,6.079,9.139
1985-11,1.146,6.396
1985-12,-1.825,4.523
1986-01,-4.677,3.299
1986-02,-3.941,3.158
1986-03,-2.376,5.08
1986-04,6.177,8.302
1986-05,13.131,10.781
1986-06,16.054,12.787
1986-07,15.965,13.968
1986-08,15.306,13.185
1986-09,11.786,11.74
1986-10,8.658,9.629
1986-11,2.93,6.933
1986-12,-7.427,3.985
1987-01,-1.997,2.975
1987-02,-3.694,3.028
1987-03,2.722,4.943
1987-04,7.885,8.13
1987-05,9.006,10.293
1987-06,15.308,12.205
1987-07,16.689,13.861
1987-08,14.89,12.836
1987-09,11.037,11.244
1987-10,4.428,8.763
1987-11,-1.577,6.01
1987-12,-11.637,2.961
1988-01,-11.729,1.993
1988-02,-3.047,2.846
1988-03,0.211,4.457
1988-04,4.885,7.666
1988-05,12.139,10.377
1988-06,16.999,12.415
1988-07,18.809,13.599
1988-08,16.993,13.395
1988-09,11.774,11.229
1988-10,6.818,9.321
1988-11,0.391,6.529
1988-12,-3.48,4.367
1989-01,-1.922,2.713
1989-02,-4.247,3.182
1989-03,0.544,5.613
1989-04,2.13,7.979
1989-05,9.823,10.343
1989-06,13.526,12.687
1989-07,19.103,13.816
1989-08,15.211,13.135
1989-09,12.961,11.214
1989-10,9.418,9.027
1989-11,-1.529,6.354
1989-12,-4.355,3.522
1990-01,-5.136,2.634
1990-02,-2.104,3.681
1990-03,3.427,5.276
1990-04,7.17,7.871
1990-05,12.144,10.602
1990-06,16.873,12.929
1990-07,18.485,14.052
1990-08,17.273,13.653
1990-09,13.294,12.273
1990-10,4.515,9.348
1990-11,1.78,6.17
1990-12,-3.243,3.945
1991-01,-1.78,3.599
1991-02,-2.833,3.495
1991-03,1.132,5.488
1991-04,5.404,8.061
1991-05,9.827,10.922
1991-06,15.624,13.07
1991-07,17.523,14.06
1991-08,15.556,12.862
1991-09,10.591,10.969
1991-10,6.634,8.938
1991-11,-0.118,5.841
1991-12,-4.66,3.921
1992-01,-2.943,2.572
1992-02,-2.492,2.629
1992-03,-0.484,4.625
1992-04,3.716,7.431
1992-05,11.204,10.318
1992-06,13.551,12.266
1992-07,15.909,13.27
1992-08,14.574,12.633
1992-09,11.156,10.903
1992-10,5.767,8.922
1992-11,1.315,6.143
1992-12,-2.588,3.526
1993-01,-5.552,2.226
1993-02,-4.442,2.55
1993-03,-1.425,5.346
1993-04,4.479,7.589
1993-05,8.86,10.616
1993-06,15.876,12.297
1993-07,21.401,13.371
1993-08,15.395,13.101
1993-09,9.913,10.972
1993-10,2.282,8.6
1993-11,-0.455,5.902
1993-12,-2.866,3.254
1994-01,-4.118,2.673
1994-02,-2.506,2.88
1994-03,-0.767,5.438
1994-04,3.35,7.771
1994-05,9.86,10.245
1994-06,16.675,13.115
1994-07,17.054,14.066
1994-08,15.621,13.673
1994-09,10.435,11.46
1994-10,5.372,9.151
1994-11,0.155,6.557
1994-12,-2.31,4.109
1995-01,-3.498,2.701
1995-02,-5.002,2.585
1995-03,-2.2,5.387
1995-04,6.082,7.825
1995-05,10.361,10.271
1995-06,16.614,12.837
1995-07,16.688,13.932
1995-08,17.756,13.183
1995-09,11.004,11.545
1995-10,8.267,9.248
1995-11,2.773,6.324
1995-12,-3.651,4.221
1996-01,-1.199,3.058
1996-02,-1.432,3.934
1996-03,0.008,5.784
1996-04,5.513,8.312
1996-05,12.107,10.794
1996-06,16.626,12.789
1996-07,17.202,14.246
1996-08,14.993,13.384
1996-09,12.02,11.326
1996-10,7.607,9.229
1996-11,-0.125,6.428
1996-12,-2.732,3.729
1997-01,-7.266,2.231
1997-02,-2.889,3.079
1997-03,1.776,4.939
1997-04,6.712,8.051
1997-05,11.867,10.939
1997-06,18.092,12.998
1997-07,19.428,14.153
1997-08,16.677,13.423
1997-09,12.16,11.508
1997-10,7.435,9.453
1997-11,0.284,6.45
1997-12,-3.671,4.384
1998-01,-1.639,3.464
1998-02,-0.883,3.37
1998-03,2.656,5.502
1998-04,6.995,7.733
1998-05,10.946,10.956
1998-06,17.514,13.012
1998-07,17.874,13.977
1998-08,16.043,13.736
1998-09,13.763,11.751
1998-10,5.959,9.382
1998-11,1.751,6.934
1998-12,-7.086,3.585
1999-01,-8.042,2.981
1999-02,-1.307,2.334
1999-03,1.045,5.253
1999-04,4.46,8.696
1999-05,11.1,11.018
1999-06,15.217,13.221
1999-07,18.322,14.394
1999-08,14.523,13.788
1999-09,13.059,11.874
1999-10,7.401,9.714
1999-11,1.612,6.707
1999-12,-10.027,3.975
2000-01,-6.437,2.549
2000-02,-0.81,4.506
2000-03,1.949,5.918
2000-04,4.668,8.801
2000-05,11.908,11.288
2000-06,18.189,13.371
2000-07,17.529,14.414
2000-08,18.331,14.126
2000-09,13.3,12.195
2000-10,7.259,9.505
2000-11,-0.542,6.88
2000-12,-4.158,3.986
2001-01,-11.345,2.76
2001-02,-5.823,3.441
2001-03,-1.344,5.68
2001-04,5.361,8.342
2001-05,10.677,10.571
2001-06,16.142,13.039
2001-07,17.909,14.576
2001-08,16.893,13.727
2001-09,11.914,11.898
2001-10,7.204,9.795
2001-11,1.46,7.145
2001-12,-4.913,3.544
2002-01,-7.779,2.793
2002-02,-4.412,3.037
2002-03,1.326,5.375
2002-04,4.628,8.175
2002-05,11.57,10.557
2002-06,16.416,13.341
2002-07,21.707,14.365
2002-08,18.101,13.77
2002-09,11.267,11.641
2002-10,5.614,9.804
2002-11,0.074,6.814
2002-12,-1.292,4.831
2003-01,-6.261,3.806
2003-02,-3.39,4.24
2003-03,0.175,6.121
2003-04,7.363,8.637
2003-05,11.032,10.954
2003-06,18.405,13.598
2003-07,21.106,14.705
2003-08,17.942,14.015
2003-09,10.299,11.572
2003-10,8.974,9.801
2003-11,1.489,6.835
2003-12,-8.392,4.145
2004-01,-6.815,2.583
2004-02,-4.171,3.237
2004-03,-3.286,5.262
2004-04,5.536,8.388
2004-05,11.831,11.341
2004-06,17.679,13.717
2004-07,17.539,13.974
2004-08,16.953,13.841
2004-09,12.296,11.707
2004-10,8.943,9.712
2004-11,-2.012,6.433
2004-12,-6.789,3.885
2005-01,-4.198,3.049
2005-02,-5.49,3.896
2005-03,-0.456,4.962
2005-04,6.972,8.055
2005-05,12.13,10.946
2005-06,14.918,13.394
2005-07,17.342,14.394
2005-08,17.797,14.094
2005-09,8.685,12.313
2005-10,3.947,9.942
2005-11,2.824,7.072
2005-12,0.202,5.001
2006-01,-4.646,3.649
2006-02,-8.828,3.961
2006-03,0.131,6.412
2006-04,8.387,8.507
2006-05,11.879,11.098
2006-06,16.309,13.529
2006-07,17.835,14.751
2006-08,16.271,13.924
2006-09,12.54,12.127
2006-10,7.429,9.51
2006-11,0.836,6.104
2006-12,-3.175,4.047
2007-01,-6.749,2.503
2007-02,-4.525,3.149
2007-03,1.035,4.905
2007-04,3.846,8.113
2007-05,12.105,10.789
2007-06,16.561,13.027
2007-07,16.653,14.105
2007-08,16.372,14.07
2007-09,11.261,12.09
2007-10,8.05,9.573
2007-11,3.228,6.99
2007-12,-1.227,4.857
2008-01,-6.384,3.056
2008-02,-0.979,3.614
2008-03,0.825,5.846
2008-04,10.724,8.661
2008-05,13.486,10.977
2008-06,17.214,13.272
2008-07,16.964,14.737
2008-08,16.17,14.121
2008-09,11.365,11.908
2008-10,5.883,9.524
2008-11,0.09,7.284
2008-12,-1.244,4.86
2009-01,-1.412,3.596
2009-02,-2.581,3.418
2009-03,0.009,5.8
2009-04,5.193,8.123
2009-05,10.667,10.715
2009-06,16.573,13.083
2009-07,17.773,14.098
2009-08,18.322,14.068
2009-09,12.643,12.267
2009-10,7.493,9.67
2009-11,-0.359,6.678
2009-12,-5.749,4.062
2010-01,-5.213,3.08
2010-02,-3.273,3.872
2010-03,2.59,6.097
2010-04,5.037,8.774
2010-05,10.52,11.197
2010-06,18.208,13.311
2010-07,19.428,14.413
2010-08,18.224,13.959
2010-09,8.889,12.18
2010-10,7.945,9.646
2010-11,1.873,7.705
2010-12,-3.915,4.738
2011-01,-4.539,3.26
2011-02,-3.509,3.828
2011-03,1.69,5.801
2011-04,5.331,8.158
2011-05,11.63,10.968
2011-06,15.734,13.674
2011-07,21.002,14.8
2011-08,19.303,14.347
2011-09,11.537,12.775
2011-10,8.017,10.644
2011-11,-2.082,7.387
2011-12,-0.137,5.711
2012-01,-2.251,4.546
2012-02,-0.98,4.991
2012-03,2.037,6.693
2012-04,6.702,9.785
2012-05,13.017,11.679
2012-06,18.521,13.752
2012-07,18.715,15.263
2012-08,16.554,14.294
2012-09,10.837,11.916
2012-10,8.306,10.185
2012-11,2.548,7.256
2012-12,-1.528,4.36
2013-01,-6.191,3.194
2013-02,-5.458,3.474
2013-03,1.284,5.413
2013-04,5.608,8.462
2013-05,12.026,10.983
2013-06,17.466,13.518
2013-07,20.987,14.749
2013-08,17.437,14.203
2013-09,14.31,12.196
2013-10,5.252,9.816
2013-11,1.729,6.981
2013-12,-0.823,4.843
2014-01,-6.032,3.496
2014-02,-3.582,4.22
2014-03,1.834,6.263
2014-04,6.857,8.747
2014-05,9.527,11.074
2014-06,18.616,13.395
2014-07,21.616,14.796
2014-08,17.402,14.547
2014-09,11.684,12.753
2014-10,7.578,9.856
2014-11,0.437,7.443
2014-12,-3.737,5.474
